target,window_index,unit,true_rul,pred_rul,true_fault,fault_probability,top_sensors,top_sensor_attributions,top_subsystems,suggested_actions
rul,7715,76,10.0,11.68380069732666,1.0,0.9875620603561401,s12;s11;s2,0.17175032;0.15927653;0.15920481,bypass and flow path;bypass and flow path;thermal core,inspect bypass flow and related instrumentation;inspect bypass duct pressure behavior;inspect temperature instrumentation and hot-section condition
rul,7714,76,11.0,12.260746002197266,1.0,0.9859691858291626,s12;s11;s2,0.19319686;0.17511344;0.17168766,bypass and flow path;bypass and flow path;thermal core,inspect bypass flow and related instrumentation;inspect bypass duct pressure behavior;inspect temperature instrumentation and hot-section condition
rul,8251,81,8.0,9.029062271118164,1.0,0.985602617263794,s12;s2;s11,0.31906644;0.29190797;0.24025033,bypass and flow path;thermal core;bypass and flow path,inspect bypass flow and related instrumentation;inspect temperature instrumentation and hot-section condition;inspect bypass duct pressure behavior
rul,7000,68,8.0,10.150555610656738,1.0,0.9834919571876526,s12;s11;s2,0.33694866;0.29391798;0.28878692,bypass and flow path;bypass and flow path;thermal core,inspect bypass flow and related instrumentation;inspect bypass duct pressure behavior;inspect temperature instrumentation and hot-section condition
rul,7713,76,12.0,13.452095031738281,1.0,0.9826834201812744,s12;s11;s9,0.21332952;0.18630186;0.18452029,bypass and flow path;bypass and flow path;high-pressure spool,inspect bypass flow and related instrumentation;inspect bypass duct pressure behavior;inspect high-pressure spool dynamics
rul,6999,68,9.0,10.402432441711426,1.0,0.9819336533546448,s12;s11;s2,0.35983878;0.30754909;0.29879305,bypass and flow path;bypass and flow path;thermal core,inspect bypass flow and related instrumentation;inspect bypass duct pressure behavior;inspect temperature instrumentation and hot-section condition
rul,3281,34,7.0,7.77782678604126,1.0,0.9806489944458008,s12;s11;s2,0.22103699;0.18510799;0.17118111,bypass and flow path;bypass and flow path;thermal core,inspect bypass flow and related instrumentation;inspect bypass duct pressure behavior;inspect temperature instrumentation and hot-section condition
rul,8250,81,9.0,10.862943649291992,1.0,0.9804847836494446,s12;s2;s11,0.33859399;0.29186201;0.26847595,bypass and flow path;thermal core;bypass and flow path,inspect bypass flow and related instrumentation;inspect temperature instrumentation and hot-section condition;inspect bypass duct pressure behavior
rul,3280,34,8.0,7.949533939361572,1.0,0.9803004264831543,s12;s11;s2,0.22928181;0.19420625;0.17534259,bypass and flow path;bypass and flow path;thermal core,inspect bypass flow and related instrumentation;inspect bypass duct pressure behavior;inspect temperature instrumentation and hot-section condition
rul,7712,76,13.0,14.257037162780762,1.0,0.9795849323272705,s12;s9;s11,0.21551499;0.19082704;0.17878525,bypass and flow path;high-pressure spool;bypass and flow path,inspect bypass flow and related instrumentation;inspect high-pressure spool dynamics;inspect bypass duct pressure behavior
rul,2968,31,10.0,12.060859680175781,1.0,0.979486882686615,s12;s2;s11,0.29800209;0.26342741;0.25049388,bypass and flow path;thermal core;bypass and flow path,inspect bypass flow and related instrumentation;inspect temperature instrumentation and hot-section condition;inspect bypass duct pressure behavior
rul,6998,68,10.0,11.176876068115234,1.0,0.9794753789901733,s12;s11;s2,0.36200860;0.33250082;0.28889051,bypass and flow path;bypass and flow path;thermal core,inspect bypass flow and related instrumentation;inspect bypass duct pressure behavior;inspect temperature instrumentation and hot-section condition
rul,2969,31,9.0,11.757065773010254,1.0,0.9791881442070007,s12;s2;s11,0.31098163;0.27432233;0.23959473,bypass and flow path;thermal core;bypass and flow path,inspect bypass flow and related instrumentation;inspect temperature instrumentation and hot-section condition;inspect bypass duct pressure behavior
rul,3279,34,9.0,8.207914352416992,1.0,0.9788458347320557,s12;s11;s13,0.23186763;0.20141694;0.18029371,bypass and flow path;bypass and flow path;spool speed control,inspect bypass flow and related instrumentation;inspect bypass duct pressure behavior;inspect speed-control response and operating point
rul,2970,31,8.0,11.822098731994629,1.0,0.9784648418426514,s12;s2;s11,0.34501895;0.29507989;0.22685434,bypass and flow path;thermal core;bypass and flow path,inspect bypass flow and related instrumentation;inspect temperature instrumentation and hot-section condition;inspect bypass duct pressure behavior
rul,3450,35,11.0,12.217622756958008,1.0,0.97662353515625,s12;s2;s11,0.38032407;0.35239711;0.32356453,bypass and flow path;thermal core;bypass and flow path,inspect bypass flow and related instrumentation;inspect temperature instrumentation and hot-section condition;inspect bypass duct pressure behavior
rul,2967,31,11.0,12.737658500671387,1.0,0.9762412905693054,s12;s2;s11,0.32015064;0.28197205;0.27233848,bypass and flow path;thermal core;bypass and flow path,inspect bypass flow and related instrumentation;inspect temperature instrumentation and hot-section condition;inspect bypass duct pressure behavior
rul,3278,34,10.0,9.886460304260254,1.0,0.9752442240715027,s12;s11;s13,0.24121627;0.21532327;0.18202639,bypass and flow path;bypass and flow path;spool speed control,inspect bypass flow and related instrumentation;inspect bypass duct pressure behavior;inspect speed-control response and operating point
rul,7711,76,14.0,15.42790699005127,1.0,0.9733006954193115,s9;s12;s11,0.20944384;0.20680648;0.20044176,high-pressure spool;bypass and flow path;bypass and flow path,inspect high-pressure spool dynamics;inspect bypass flow and related instrumentation;inspect bypass duct pressure behavior
rul,6997,68,11.0,12.512479782104492,1.0,0.9730139374732971,s12;s11;s2,0.38280243;0.36224806;0.29556498,bypass and flow path;bypass and flow path;thermal core,inspect bypass flow and related instrumentation;inspect bypass duct pressure behavior;inspect temperature instrumentation and hot-section condition
rul,8249,81,10.0,12.758360862731934,1.0,0.9728225469589233,s12;s2;s11,0.37854248;0.33022162;0.31514150,bypass and flow path;thermal core;bypass and flow path,inspect bypass flow and related instrumentation;inspect temperature instrumentation and hot-section condition;inspect bypass duct pressure behavior
rul,3277,34,11.0,11.599331855773926,1.0,0.9703382253646851,s12;s11;s13,0.27522570;0.25476915;0.22603481,bypass and flow path;bypass and flow path;spool speed control,inspect bypass flow and related instrumentation;inspect bypass duct pressure behavior;inspect speed-control response and operating point
rul,3449,35,12.0,13.884373664855957,1.0,0.9686446785926819,s12;s2;s11,0.41558707;0.37517115;0.34843686,bypass and flow path;thermal core;bypass and flow path,inspect bypass flow and related instrumentation;inspect temperature instrumentation and hot-section condition;inspect bypass duct pressure behavior
rul,7710,76,15.0,16.621206283569336,1.0,0.9655570387840271,s9;s11;s12,0.23442988;0.20584312;0.20015459,high-pressure spool;bypass and flow path;bypass and flow path,inspect high-pressure spool dynamics;inspect bypass duct pressure behavior;inspect bypass flow and related instrumentation
rul,6996,68,12.0,13.716076850891113,1.0,0.9649977684020996,s11;s12;s2,0.41039065;0.40955797;0.30174264,bypass and flow path;bypass and flow path;thermal core,inspect bypass duct pressure behavior;inspect bypass flow and related instrumentation;inspect temperature instrumentation and hot-section condition
rul,8384,82,9.0,12.38408374786377,1.0,0.9638579487800598,s12;s11;s13,0.30340889;0.29460683;0.22213444,bypass and flow path;bypass and flow path;spool speed control,inspect bypass flow and related instrumentation;inspect bypass duct pressure behavior;inspect speed-control response and operating point
rul,8248,81,11.0,14.587285041809082,1.0,0.96195387840271,s12;s2;s11,0.43857843;0.38513249;0.36189929,bypass and flow path;thermal core;bypass and flow path,inspect bypass flow and related instrumentation;inspect temperature instrumentation and hot-section condition;inspect bypass duct pressure behavior
rul,6800,66,14.0,18.520143508911133,1.0,0.9614156484603882,s9;s14;s2,0.26464844;0.16745622;0.15234223,high-pressure spool;spool speed control;thermal core,inspect high-pressure spool dynamics;inspect core-speed response and controller behavior;inspect temperature instrumentation and hot-section condition
rul,10195,100,20.0,20.281898498535156,1.0,0.9611672163009644,s9;s14;s2,0.42243740;0.30174941;0.07508578,high-pressure spool;spool speed control;thermal core,inspect high-pressure spool dynamics;inspect core-speed response and controller behavior;inspect temperature instrumentation and hot-section condition
rul,2966,31,12.0,15.30700397491455,1.0,0.9609894752502441,s12;s11;s2,0.36457291;0.33540601;0.30981392,bypass and flow path;bypass and flow path;thermal core,inspect bypass flow and related instrumentation;inspect bypass duct pressure behavior;inspect temperature instrumentation and hot-section condition
rul,5581,56,15.0,12.779342651367188,1.0,0.9603613018989563,s12;s13;s2,0.33832958;0.24323322;0.23225991,bypass and flow path;spool speed control;thermal core,inspect bypass flow and related instrumentation;inspect speed-control response and operating point;inspect temperature instrumentation and hot-section condition
rul,5580,56,16.0,13.07516098022461,1.0,0.9600270390510559,s12;s13;s2,0.33257049;0.25133184;0.23651670,bypass and flow path;spool speed control;thermal core,inspect bypass flow and related instrumentation;inspect speed-control response and operating point;inspect temperature instrumentation and hot-section condition
rul,5579,56,17.0,13.391032218933105,1.0,0.9594386219978333,s12;s13;s2,0.33087939;0.24975072;0.24446338,bypass and flow path;spool speed control;thermal core,inspect bypass flow and related instrumentation;inspect speed-control response and operating point;inspect temperature instrumentation and hot-section condition
rul,3276,34,12.0,13.87397289276123,1.0,0.957876443862915,s11;s12;s13,0.32896763;0.32774973;0.29747579,bypass and flow path;bypass and flow path;spool speed control,inspect bypass duct pressure behavior;inspect bypass flow and related instrumentation;inspect speed-control response and operating point
rul,7709,76,16.0,17.65012550354004,1.0,0.9576016664505005,s9;s12;s11,0.26245350;0.21436585;0.21239564,high-pressure spool;bypass and flow path;bypass and flow path,inspect high-pressure spool dynamics;inspect bypass flow and related instrumentation;inspect bypass duct pressure behavior
rul,3448,35,13.0,15.643430709838867,1.0,0.9553596377372742,s12;s2;s11,0.47966185;0.40962589;0.35055116,bypass and flow path;thermal core;bypass and flow path,inspect bypass flow and related instrumentation;inspect temperature instrumentation and hot-section condition;inspect bypass duct pressure behavior
rul,6799,66,15.0,19.363712310791016,1.0,0.9549329876899719,s9;s14;s2,0.29626688;0.19040801;0.15784214,high-pressure spool;spool speed control;thermal core,inspect high-pressure spool dynamics;inspect core-speed response and controller behavior;inspect temperature instrumentation and hot-section condition
rul,8383,82,10.0,13.45323657989502,1.0,0.9545179009437561,s12;s11;s13,0.35933304;0.34486797;0.24874374,bypass and flow path;bypass and flow path;spool speed control,inspect bypass flow and related instrumentation;inspect bypass duct pressure behavior;inspect speed-control response and operating point
rul,8247,81,12.0,15.663476943969727,1.0,0.9539735317230225,s12;s2;s11,0.47731891;0.42235929;0.39462134,bypass and flow path;thermal core;bypass and flow path,inspect bypass flow and related instrumentation;inspect temperature instrumentation and hot-section condition;inspect bypass duct pressure behavior
rul,6995,68,13.0,15.299605369567871,1.0,0.9522265195846558,s12;s11;s2,0.43487111;0.42220929;0.28487727,bypass and flow path;bypass and flow path;thermal core,inspect bypass flow and related instrumentation;inspect bypass duct pressure behavior;inspect temperature instrumentation and hot-section condition
rul,5578,56,18.0,14.27608585357666,1.0,0.9513991475105286,s12;s2;s13,0.37056151;0.25959131;0.24711393,bypass and flow path;thermal core;spool speed control,inspect bypass flow and related instrumentation;inspect temperature instrumentation and hot-section condition;inspect speed-control response and operating point
rul,7708,76,17.0,18.26387596130371,1.0,0.9489261507987976,s9;s11;s12,0.27818701;0.22570036;0.22101158,high-pressure spool;bypass and flow path;bypass and flow path,inspect high-pressure spool dynamics;inspect bypass duct pressure behavior;inspect bypass flow and related instrumentation
rul,1854,20,16.0,15.58150577545166,1.0,0.9486846327781677,s12;s11;s2,0.45778278;0.45723534;0.36746991,bypass and flow path;bypass and flow path;thermal core,inspect bypass flow and related instrumentation;inspect bypass duct pressure behavior;inspect temperature instrumentation and hot-section condition
rul,8382,82,11.0,14.251847267150879,1.0,0.9486095309257507,s12;s11;s13,0.38063145;0.35989401;0.27475265,bypass and flow path;bypass and flow path;spool speed control,inspect bypass flow and related instrumentation;inspect bypass duct pressure behavior;inspect speed-control response and operating point
rul,4068,42,10.0,14.715700149536133,1.0,0.9468083381652832,s13;s12;s14,0.20759209;0.19822508;0.17418368,spool speed control;bypass and flow path;spool speed control,inspect speed-control response and operating point;inspect bypass flow and related instrumentation;inspect core-speed response and controller behavior
rul,6798,66,16.0,20.02492332458496,1.0,0.9454556107521057,s9;s14;s2,0.31321296;0.21338679;0.16147502,high-pressure spool;spool speed control;thermal core,inspect high-pressure spool dynamics;inspect core-speed response and controller behavior;inspect temperature instrumentation and hot-section condition
rul,2241,24,20.0,22.061368942260742,1.0,0.9435220956802368,s9;s14;s2,0.42886397;0.32471606;0.06958082,high-pressure spool;spool speed control;thermal core,inspect high-pressure spool dynamics;inspect core-speed response and controller behavior;inspect temperature instrumentation and hot-section condition
rul,6994,68,14.0,16.53083610534668,1.0,0.9430528879165649,s12;s11;s2,0.47045079;0.44810322;0.27775106,bypass and flow path;bypass and flow path;thermal core,inspect bypass flow and related instrumentation;inspect bypass duct pressure behavior;inspect temperature instrumentation and hot-section condition
rul,2965,31,13.0,17.238447189331055,1.0,0.9430160522460938,s12;s11;s2,0.39850658;0.35106161;0.30945697,bypass and flow path;bypass and flow path;thermal core,inspect bypass flow and related instrumentation;inspect bypass duct pressure behavior;inspect temperature instrumentation and hot-section condition
rul,4067,42,11.0,14.971026420593262,1.0,0.9418013691902161,s13;s12;s14,0.21648808;0.20022513;0.18174632,spool speed control;bypass and flow path;spool speed control,inspect speed-control response and operating point;inspect bypass flow and related instrumentation;inspect core-speed response and controller behavior
rul,3447,35,14.0,17.12021827697754,1.0,0.940680742263794,s12;s2;s11,0.50939345;0.44330508;0.40790835,bypass and flow path;thermal core;bypass and flow path,inspect bypass flow and related instrumentation;inspect temperature instrumentation and hot-section condition;inspect bypass duct pressure behavior
rul,10194,100,21.0,22.586002349853516,1.0,0.9383085370063782,s9;s14;s2,0.43029264;0.31555161;0.07969679,high-pressure spool;spool speed control;thermal core,inspect high-pressure spool dynamics;inspect core-speed response and controller behavior;inspect temperature instrumentation and hot-section condition
rul,4066,42,12.0,14.784958839416504,1.0,0.9359233379364014,s13;s14;s12,0.22631191;0.19542953;0.18904307,spool speed control;spool speed control;bypass and flow path,inspect speed-control response and operating point;inspect core-speed response and controller behavior;inspect bypass flow and related instrumentation
rul,6993,68,15.0,17.107633590698242,1.0,0.935745894908905,s12;s11;s2,0.50646359;0.48753062;0.28680521,bypass and flow path;bypass and flow path;thermal core,inspect bypass flow and related instrumentation;inspect bypass duct pressure behavior;inspect temperature instrumentation and hot-section condition
rul,8246,81,13.0,17.293508529663086,1.0,0.9349661469459534,s12;s2;s11,0.51545799;0.46378031;0.44382703,bypass and flow path;thermal core;bypass and flow path,inspect bypass flow and related instrumentation;inspect temperature instrumentation and hot-section condition;inspect bypass duct pressure behavior
rul,2240,24,21.0,22.813493728637695,1.0,0.9330859780311584,s9;s14;s2,0.44015706;0.33626425;0.06985167,high-pressure spool;spool speed control;thermal core,inspect high-pressure spool dynamics;inspect core-speed response and controller behavior;inspect temperature instrumentation and hot-section condition
rul,2964,31,14.0,18.174142837524414,1.0,0.9322742223739624,s12;s11;s2,0.43805081;0.36833218;0.32744357,bypass and flow path;bypass and flow path;thermal core,inspect bypass flow and related instrumentation;inspect bypass duct pressure behavior;inspect temperature instrumentation and hot-section condition
rul,5577,56,19.0,16.11309242248535,1.0,0.9317846894264221,s12;s13;s2,0.40515158;0.28513584;0.27210185,bypass and flow path;spool speed control;thermal core,inspect bypass flow and related instrumentation;inspect speed-control response and operating point;inspect temperature instrumentation and hot-section condition
rul,7705,76,20.0,20.349811553955078,1.0,0.9292899966239929,s9;s12;s11,0.29481730;0.26020539;0.25438979,high-pressure spool;bypass and flow path;bypass and flow path,inspect high-pressure spool dynamics;inspect bypass flow and related instrumentation;inspect bypass duct pressure behavior
rul,8381,82,12.0,15.937644004821777,1.0,0.9292594194412231,s11;s12;s13,0.41745484;0.41399094;0.32155615,bypass and flow path;bypass and flow path;spool speed control,inspect bypass duct pressure behavior;inspect bypass flow and related instrumentation;inspect speed-control response and operating point
rul,4064,42,14.0,15.401606559753418,1.0,0.9284302592277527,s13;s14;s12,0.23502572;0.21932705;0.17532425,spool speed control;spool speed control;bypass and flow path,inspect speed-control response and operating point;inspect core-speed response and controller behavior;inspect bypass flow and related instrumentation
rul,7707,76,18.0,19.996673583984375,1.0,0.9277083277702332,s9;s12;s11,0.30260998;0.22934887;0.22618611,high-pressure spool;bypass and flow path;bypass and flow path,inspect high-pressure spool dynamics;inspect bypass flow and related instrumentation;inspect bypass duct pressure behavior
rul,3275,34,13.0,17.04023551940918,1.0,0.9265080690383911,s12;s11;s13,0.42129797;0.39519119;0.37149870,bypass and flow path;bypass and flow path;spool speed control,inspect bypass flow and related instrumentation;inspect bypass duct pressure behavior;inspect speed-control response and operating point
rul,10193,100,22.0,23.38396644592285,1.0,0.926328718662262,s9;s14;s2,0.42525259;0.29609576;0.07939916,high-pressure spool;spool speed control;thermal core,inspect high-pressure spool dynamics;inspect core-speed response and controller behavior;inspect temperature instrumentation and hot-section condition
rul,7706,76,19.0,20.439912796020508,1.0,0.9251697063446045,s9;s11;s12,0.29359692;0.24435155;0.24106391,high-pressure spool;bypass and flow path;bypass and flow path,inspect high-pressure spool dynamics;inspect bypass duct pressure behavior;inspect bypass flow and related instrumentation
rul,4065,42,13.0,15.59609317779541,1.0,0.9246279001235962,s13;s14;s12,0.22763246;0.19717012;0.18604538,spool speed control;spool speed control;bypass and flow path,inspect speed-control response and operating point;inspect core-speed response and controller behavior;inspect bypass flow and related instrumentation
rul,1853,20,17.0,17.545297622680664,1.0,0.9233221411705017,s12;s11;s2,0.53679085;0.51815635;0.42069760,bypass and flow path;bypass and flow path;thermal core,inspect bypass flow and related instrumentation;inspect bypass duct pressure behavior;inspect temperature instrumentation and hot-section condition
rul,6797,66,17.0,21.57283592224121,1.0,0.9222198128700256,s9;s14;s2,0.34857064;0.25117138;0.17637376,high-pressure spool;spool speed control;thermal core,inspect high-pressure spool dynamics;inspect core-speed response and controller behavior;inspect temperature instrumentation and hot-section condition
rul,3446,35,15.0,18.320457458496094,1.0,0.920543909072876,s12;s2;s11,0.53228939;0.46466246;0.43066609,bypass and flow path;thermal core;bypass and flow path,inspect bypass flow and related instrumentation;inspect temperature instrumentation and hot-section condition;inspect bypass duct pressure behavior
rul,8245,81,14.0,18.293350219726562,1.0,0.9190183877944946,s12;s2;s11,0.54555118;0.49768904;0.44410467,bypass and flow path;thermal core;bypass and flow path,inspect bypass flow and related instrumentation;inspect temperature instrumentation and hot-section condition;inspect bypass duct pressure behavior
rul,8244,81,15.0,18.234769821166992,1.0,0.9178625345230103,s12;s2;s11,0.53813428;0.49898142;0.45120430,bypass and flow path;thermal core;bypass and flow path,inspect bypass flow and related instrumentation;inspect temperature instrumentation and hot-section condition;inspect bypass duct pressure behavior
rul,7704,76,21.0,21.130605697631836,1.0,0.9173076748847961,s9;s12;s11,0.30128261;0.27772138;0.25805929,high-pressure spool;bypass and flow path;bypass and flow path,inspect high-pressure spool dynamics;inspect bypass flow and related instrumentation;inspect bypass duct pressure behavior
rul,10192,100,23.0,24.047304153442383,1.0,0.9160212874412537,s9;s14;s2,0.42648259;0.31012943;0.07144292,high-pressure spool;spool speed control;thermal core,inspect high-pressure spool dynamics;inspect core-speed response and controller behavior;inspect temperature instrumentation and hot-section condition
rul,5576,56,20.0,17.499868392944336,1.0,0.9156878590583801,s12;s13;s11,0.42665100;0.31339112;0.27768096,bypass and flow path;spool speed control;bypass and flow path,inspect bypass flow and related instrumentation;inspect speed-control response and operating point;inspect bypass duct pressure behavior
rul,2963,31,15.0,19.918968200683594,1.0,0.9109408855438232,s12;s11;s2,0.44464901;0.40949726;0.35771701,bypass and flow path;bypass and flow path;thermal core,inspect bypass flow and related instrumentation;inspect bypass duct pressure behavior;inspect temperature instrumentation and hot-section condition
rul,2239,24,22.0,24.33854103088379,1.0,0.9105482697486877,s9;s14;s2,0.44389769;0.32843220;0.07623363,high-pressure spool;spool speed control;thermal core,inspect high-pressure spool dynamics;inspect core-speed response and controller behavior;inspect temperature instrumentation and hot-section condition
rul,2962,31,16.0,20.10130500793457,1.0,0.9092984199523926,s11;s12;s2,0.44517326;0.44225654;0.36901686,bypass and flow path;bypass and flow path;thermal core,inspect bypass duct pressure behavior;inspect bypass flow and related instrumentation;inspect temperature instrumentation and hot-section condition
rul,4063,42,15.0,16.897153854370117,1.0,0.9081571102142334,s13;s14;s12,0.26990318;0.25309682;0.18990526,spool speed control;spool speed control;bypass and flow path,inspect speed-control response and operating point;inspect core-speed response and controller behavior;inspect bypass flow and related instrumentation
rul,5575,56,21.0,18.042726516723633,1.0,0.9076610803604126,s12;s13;s11,0.46341604;0.31892148;0.27895138,bypass and flow path;spool speed control;bypass and flow path,inspect bypass flow and related instrumentation;inspect speed-control response and operating point;inspect bypass duct pressure behavior
rul,8242,81,17.0,19.155649185180664,1.0,0.9055777192115784,s12;s2;s11,0.56597215;0.51710147;0.49403819,bypass and flow path;thermal core;bypass and flow path,inspect bypass flow and related instrumentation;inspect temperature instrumentation and hot-section condition;inspect bypass duct pressure behavior
rul,2961,31,17.0,20.22287368774414,1.0,0.9051230549812317,s11;s12;s2,0.46348211;0.42464897;0.38821641,bypass and flow path;bypass and flow path;thermal core,inspect bypass duct pressure behavior;inspect bypass flow and related instrumentation;inspect temperature instrumentation and hot-section condition
rul,6991,68,17.0,19.418642044067383,1.0,0.9035786390304565,s12;s11;s2,0.55353820;0.49392268;0.33786586,bypass and flow path;bypass and flow path;thermal core,inspect bypass flow and related instrumentation;inspect bypass duct pressure behavior;inspect temperature instrumentation and hot-section condition
rul,3445,35,16.0,19.076066970825195,1.0,0.9023459553718567,s12;s2;s11,0.53314936;0.47857091;0.44959545,bypass and flow path;thermal core;bypass and flow path,inspect bypass flow and related instrumentation;inspect temperature instrumentation and hot-section condition;inspect bypass duct pressure behavior
rul,8241,81,18.0,19.347646713256836,1.0,0.9020925164222717,s12;s2;s11,0.58798444;0.50707823;0.49533069,bypass and flow path;thermal core;bypass and flow path,inspect bypass flow and related instrumentation;inspect temperature instrumentation and hot-section condition;inspect bypass duct pressure behavior
rul,2238,24,23.0,24.940595626831055,1.0,0.901604175567627,s9;s14;s2,0.44204471;0.33487421;0.07606551,high-pressure spool;spool speed control;thermal core,inspect high-pressure spool dynamics;inspect core-speed response and controller behavior;inspect temperature instrumentation and hot-section condition
rul,6992,68,16.0,19.38641929626465,1.0,0.9016017317771912,s12;s11;s2,0.56493783;0.51348537;0.32418293,bypass and flow path;bypass and flow path;thermal core,inspect bypass flow and related instrumentation;inspect bypass duct pressure behavior;inspect temperature instrumentation and hot-section condition
rul,3270,34,18.0,17.6790714263916,1.0,0.8985061645507812,s11;s12;s13,0.42429879;0.37943703;0.36362261,bypass and flow path;bypass and flow path;spool speed control,inspect bypass duct pressure behavior;inspect bypass flow and related instrumentation;inspect speed-control response and operating point
rul,5574,56,22.0,18.673845291137695,1.0,0.8965793251991272,s12;s13;s11,0.48418796;0.34407485;0.28546801,bypass and flow path;spool speed control;bypass and flow path,inspect bypass flow and related instrumentation;inspect speed-control response and operating point;inspect bypass duct pressure behavior
rul,8380,82,13.0,18.29386329650879,1.0,0.8961510062217712,s11;s12;s13,0.47421896;0.46445256;0.36475801,bypass and flow path;bypass and flow path;spool speed control,inspect bypass duct pressure behavior;inspect bypass flow and related instrumentation;inspect speed-control response and operating point
rul,8243,81,16.0,19.56333351135254,1.0,0.8954169750213623,s12;s2;s11,0.55029762;0.52542102;0.50899339,bypass and flow path;thermal core;bypass and flow path,inspect bypass flow and related instrumentation;inspect temperature instrumentation and hot-section condition;inspect bypass duct pressure behavior
rul,9192,91,39.0,18.5765438079834,0.0,0.8953427076339722,s12;s13;s2,0.56417209;0.36801556;0.36585659,bypass and flow path;spool speed control;thermal core,inspect bypass flow and related instrumentation;inspect speed-control response and operating point;inspect temperature instrumentation and hot-section condition
rul,10191,100,24.0,25.36007308959961,1.0,0.8925230503082275,s9;s14;s8,0.43219423;0.31805897;0.07826559,high-pressure spool;spool speed control;fan and low-pressure compressor,inspect high-pressure spool dynamics;inspect core-speed response and controller behavior;inspect fan/LPC operating margins
rul,3269,34,19.0,17.511327743530273,1.0,0.8910419344902039,s11;s12;s13,0.42052701;0.40393627;0.37999591,bypass and flow path;bypass and flow path;spool speed control,inspect bypass duct pressure behavior;inspect bypass flow and related instrumentation;inspect speed-control response and operating point
rul,6796,66,18.0,23.18488883972168,1.0,0.8875260949134827,s9;s14;s2,0.36554348;0.25778571;0.18323909,high-pressure spool;spool speed control;thermal core,inspect high-pressure spool dynamics;inspect core-speed response and controller behavior;inspect temperature instrumentation and hot-section condition
rul,9193,91,38.0,19.036029815673828,0.0,0.8850482702255249,s12;s2;s11,0.53496957;0.36413378;0.36323786,bypass and flow path;thermal core;bypass and flow path,inspect bypass flow and related instrumentation;inspect temperature instrumentation and hot-section condition;inspect bypass duct pressure behavior
rul,2237,24,24.0,25.66340446472168,1.0,0.884899914264679,s9;s14;s2,0.45052242;0.35356793;0.06631754,high-pressure spool;spool speed control;thermal core,inspect high-pressure spool dynamics;inspect core-speed response and controller behavior;inspect temperature instrumentation and hot-section condition
rul,3274,34,14.0,19.211271286010742,1.0,0.8828174471855164,s12;s13;s11,0.45302802;0.45219189;0.44236618,bypass and flow path;spool speed control;bypass and flow path,inspect bypass flow and related instrumentation;inspect speed-control response and operating point;inspect bypass duct pressure behavior
rul,9191,91,40.0,19.35456657409668,0.0,0.881503164768219,s12;s2;s13,0.55612195;0.38555521;0.37886983,bypass and flow path;thermal core;spool speed control,inspect bypass flow and related instrumentation;inspect temperature instrumentation and hot-section condition;inspect speed-control response and operating point
rul,4061,42,17.0,18.013399124145508,1.0,0.8804788589477539,s14;s13;s12,0.28037089;0.25590843;0.22244647,spool speed control;spool speed control;bypass and flow path,inspect core-speed response and controller behavior;inspect speed-control response and operating point;inspect bypass flow and related instrumentation
rul,3271,34,17.0,19.156965255737305,1.0,0.8789794445037842,s11;s13;s12,0.45481902;0.41586798;0.40093815,bypass and flow path;spool speed control;bypass and flow path,inspect bypass duct pressure behavior;inspect speed-control response and operating point;inspect bypass flow and related instrumentation
rul,5573,56,23.0,19.700834274291992,1.0,0.8774242997169495,s12;s13;s11,0.49225435;0.36570203;0.30655396,bypass and flow path;spool speed control;bypass and flow path,inspect bypass flow and related instrumentation;inspect speed-control response and operating point;inspect bypass duct pressure behavior
rul,3267,34,21.0,18.192461013793945,1.0,0.8755582571029663,s12;s11;s8,0.40686652;0.39844722;0.36086649,bypass and flow path;bypass and flow path;fan and low-pressure compressor,inspect bypass flow and related instrumentation;inspect bypass duct pressure behavior;inspect fan/LPC operating margins
rul,3268,34,20.0,18.20045280456543,1.0,0.8735969066619873,s11;s12;s13,0.41795653;0.41529605;0.38945618,bypass and flow path;bypass and flow path;spool speed control,inspect bypass duct pressure behavior;inspect bypass flow and related instrumentation;inspect speed-control response and operating point
rul,3444,35,17.0,20.407732009887695,1.0,0.873322069644928,s12;s11;s2,0.54713541;0.48679316;0.48466027,bypass and flow path;bypass and flow path;thermal core,inspect bypass flow and related instrumentation;inspect bypass duct pressure behavior;inspect temperature instrumentation and hot-section condition
rul,8240,81,19.0,20.526063919067383,1.0,0.8726794123649597,s12;s2;s11,0.62088472;0.52772564;0.49832636,bypass and flow path;thermal core;bypass and flow path,inspect bypass flow and related instrumentation;inspect temperature instrumentation and hot-section condition;inspect bypass duct pressure behavior
rul,6989,68,19.0,21.716644287109375,1.0,0.8725688457489014,s12;s11;s2,0.52679139;0.52322078;0.36940452,bypass and flow path;bypass and flow path;thermal core,inspect bypass flow and related instrumentation;inspect bypass duct pressure behavior;inspect temperature instrumentation and hot-section condition
rul,4062,42,16.0,19.028717041015625,1.0,0.8689743280410767,s13;s14;s12,0.28288344;0.27892923;0.23065569,spool speed control;spool speed control;bypass and flow path,inspect speed-control response and operating point;inspect core-speed response and controller behavior;inspect bypass flow and related instrumentation
rul,6795,66,19.0,24.132051467895508,1.0,0.8670642971992493,s9;s14;s2,0.36366659;0.27016482;0.18636921,high-pressure spool;spool speed control;thermal core,inspect high-pressure spool dynamics;inspect core-speed response and controller behavior;inspect temperature instrumentation and hot-section condition
rul,10190,100,25.0,26.503862380981445,1.0,0.8665816187858582,s9;s14;s8,0.43038809;0.32386562;0.07042514,high-pressure spool;spool speed control;fan and low-pressure compressor,inspect high-pressure spool dynamics;inspect core-speed response and controller behavior;inspect fan/LPC operating margins
rul,6988,68,20.0,22.473928451538086,1.0,0.8650479912757874,s12;s11;s2,0.55722803;0.53361034;0.39007103,bypass and flow path;bypass and flow path;thermal core,inspect bypass flow and related instrumentation;inspect bypass duct pressure behavior;inspect temperature instrumentation and hot-section condition
rul,6990,68,18.0,21.04923439025879,1.0,0.8648427724838257,s12;s11;s2,0.55096465;0.54595852;0.36190858,bypass and flow path;bypass and flow path;thermal core,inspect bypass flow and related instrumentation;inspect bypass duct pressure behavior;inspect temperature instrumentation and hot-section condition
rul,9314,92,20.0,20.543188095092773,1.0,0.862614095211029,s12;s13;s11,0.47937781;0.36303598;0.34393597,bypass and flow path;spool speed control;bypass and flow path,inspect bypass flow and related instrumentation;inspect speed-control response and operating point;inspect bypass duct pressure behavior
rul,5572,56,24.0,20.502662658691406,1.0,0.8599295616149902,s12;s13;s11,0.49001536;0.36336163;0.30152494,bypass and flow path;spool speed control;bypass and flow path,inspect bypass flow and related instrumentation;inspect speed-control response and operating point;inspect bypass duct pressure behavior
rul,3443,35,18.0,20.773208618164062,1.0,0.8598520159721375,s12;s11;s2,0.53702968;0.49419796;0.48197088,bypass and flow path;bypass and flow path;thermal core,inspect bypass flow and related instrumentation;inspect bypass duct pressure behavior;inspect temperature instrumentation and hot-section condition
rul,6793,66,21.0,24.409353256225586,1.0,0.8597975373268127,s9;s14;s2,0.38970974;0.28127614;0.19173440,high-pressure spool;spool speed control;thermal core,inspect high-pressure spool dynamics;inspect core-speed response and controller behavior;inspect temperature instrumentation and hot-section condition
rul,9190,91,41.0,20.30897331237793,0.0,0.859416127204895,s12;s2;s13,0.55914479;0.38198653;0.37996876,bypass and flow path;thermal core;spool speed control,inspect bypass flow and related instrumentation;inspect temperature instrumentation and hot-section condition;inspect speed-control response and operating point
rul,8379,82,14.0,20.284936904907227,1.0,0.8593640923500061,s11;s12;s13,0.52768838;0.46651304;0.40598753,bypass and flow path;bypass and flow path;spool speed control,inspect bypass duct pressure behavior;inspect bypass flow and related instrumentation;inspect speed-control response and operating point
rul,2960,31,18.0,22.300039291381836,1.0,0.8585142493247986,s11;s12;s2,0.48924583;0.43142286;0.42804447,bypass and flow path;bypass and flow path;thermal core,inspect bypass duct pressure behavior;inspect bypass flow and related instrumentation;inspect temperature instrumentation and hot-section condition
rul,3442,35,19.0,21.127456665039062,1.0,0.8560968637466431,s12;s11;s2,0.54516166;0.51464194;0.47350520,bypass and flow path;bypass and flow path;thermal core,inspect bypass flow and related instrumentation;inspect bypass duct pressure behavior;inspect temperature instrumentation and hot-section condition
rul,7703,76,22.0,23.71955680847168,1.0,0.8558780550956726,s9;s11;s12,0.34544364;0.26931077;0.25871700,high-pressure spool;bypass and flow path;bypass and flow path,inspect high-pressure spool dynamics;inspect bypass duct pressure behavior;inspect bypass flow and related instrumentation
rul,3441,35,20.0,21.449169158935547,1.0,0.8548936247825623,s12;s11;s2,0.55541909;0.54017097;0.46869701,bypass and flow path;bypass and flow path;thermal core,inspect bypass flow and related instrumentation;inspect bypass duct pressure behavior;inspect temperature instrumentation and hot-section condition
rul,3273,34,15.0,20.301036834716797,1.0,0.8528668284416199,s11;s13;s12,0.48680732;0.47056305;0.43527743,bypass and flow path;spool speed control;bypass and flow path,inspect bypass duct pressure behavior;inspect speed-control response and operating point;inspect bypass flow and related instrumentation
rul,4060,42,18.0,18.817115783691406,1.0,0.8521252274513245,s14;s13;s12,0.27902967;0.26996702;0.20521028,spool speed control;spool speed control;bypass and flow path,inspect core-speed response and controller behavior;inspect speed-control response and operating point;inspect bypass flow and related instrumentation
rul,1852,20,18.0,21.655630111694336,1.0,0.8491454720497131,s12;s11;s2,0.64475763;0.60988063;0.51144016,bypass and flow path;bypass and flow path;thermal core,inspect bypass flow and related instrumentation;inspect bypass duct pressure behavior;inspect temperature instrumentation and hot-section condition
rul,6794,66,20.0,24.87638282775879,1.0,0.8477066159248352,s9;s14;s2,0.38208836;0.27686909;0.19991302,high-pressure spool;spool speed control;thermal core,inspect high-pressure spool dynamics;inspect core-speed response and controller behavior;inspect temperature instrumentation and hot-section condition
rul,3272,34,16.0,20.697614669799805,1.0,0.8473373055458069,s11;s13;s12,0.48201934;0.44776735;0.41592601,bypass and flow path;spool speed control;bypass and flow path,inspect bypass duct pressure behavior;inspect speed-control response and operating point;inspect bypass flow and related instrumentation
rul,3440,35,21.0,21.836488723754883,1.0,0.8450560569763184,s12;s11;s2,0.55853188;0.53365779;0.47570717,bypass and flow path;bypass and flow path;thermal core,inspect bypass flow and related instrumentation;inspect bypass duct pressure behavior;inspect temperature instrumentation and hot-section condition
rul,3266,34,22.0,19.49736976623535,1.0,0.8426265120506287,s11;s12;s2,0.41123646;0.40912145;0.38821685,bypass and flow path;bypass and flow path;thermal core,inspect bypass duct pressure behavior;inspect bypass flow and related instrumentation;inspect temperature instrumentation and hot-section condition
fault,7715,76,10.0,11.68380069732666,1.0,0.9875620603561401,s9;s2;s12,0.03212457;0.02981808;0.02889982,high-pressure spool;thermal core;bypass and flow path,inspect high-pressure spool dynamics;inspect temperature instrumentation and hot-section condition;inspect bypass flow and related instrumentation
fault,7714,76,11.0,12.260746002197266,1.0,0.9859691858291626,s9;s12;s2,0.03443283;0.03311165;0.03124192,high-pressure spool;bypass and flow path;thermal core,inspect high-pressure spool dynamics;inspect bypass flow and related instrumentation;inspect temperature instrumentation and hot-section condition
fault,8251,81,8.0,9.029062271118164,1.0,0.985602617263794,s2;s12;s11,0.04747079;0.04717895;0.03525092,thermal core;bypass and flow path;bypass and flow path,inspect temperature instrumentation and hot-section condition;inspect bypass flow and related instrumentation;inspect bypass duct pressure behavior
fault,7000,68,8.0,10.150555610656738,1.0,0.9834919571876526,s12;s2;s11,0.05328028;0.05006695;0.04329835,bypass and flow path;thermal core;bypass and flow path,inspect bypass flow and related instrumentation;inspect temperature instrumentation and hot-section condition;inspect bypass duct pressure behavior
fault,7713,76,12.0,13.452095031738281,1.0,0.9826834201812744,s12;s9;s2,0.03932460;0.03918934;0.03302960,bypass and flow path;high-pressure spool;thermal core,inspect bypass flow and related instrumentation;inspect high-pressure spool dynamics;inspect temperature instrumentation and hot-section condition
fault,6999,68,9.0,10.402432441711426,1.0,0.9819336533546448,s12;s2;s11,0.05781513;0.05345140;0.04702519,bypass and flow path;thermal core;bypass and flow path,inspect bypass flow and related instrumentation;inspect temperature instrumentation and hot-section condition;inspect bypass duct pressure behavior
fault,3281,34,7.0,7.77782678604126,1.0,0.9806489944458008,s12;s11;s2,0.02892409;0.02480141;0.02365401,bypass and flow path;bypass and flow path;thermal core,inspect bypass flow and related instrumentation;inspect bypass duct pressure behavior;inspect temperature instrumentation and hot-section condition
fault,8250,81,9.0,10.862943649291992,1.0,0.9804847836494446,s12;s2;s11,0.05554759;0.04994044;0.04191239,bypass and flow path;thermal core;bypass and flow path,inspect bypass flow and related instrumentation;inspect temperature instrumentation and hot-section condition;inspect bypass duct pressure behavior
fault,3280,34,8.0,7.949533939361572,1.0,0.9803004264831543,s12;s11;s2,0.02871740;0.02518051;0.02373574,bypass and flow path;bypass and flow path;thermal core,inspect bypass flow and related instrumentation;inspect bypass duct pressure behavior;inspect temperature instrumentation and hot-section condition
fault,7712,76,13.0,14.257037162780762,1.0,0.9795849323272705,s12;s9;s2,0.04081074;0.03989210;0.03302753,bypass and flow path;high-pressure spool;thermal core,inspect bypass flow and related instrumentation;inspect high-pressure spool dynamics;inspect temperature instrumentation and hot-section condition
fault,2968,31,10.0,12.060859680175781,1.0,0.979486882686615,s12;s2;s11,0.04928095;0.04716048;0.04043734,bypass and flow path;thermal core;bypass and flow path,inspect bypass flow and related instrumentation;inspect temperature instrumentation and hot-section condition;inspect bypass duct pressure behavior
fault,6998,68,10.0,11.176876068115234,1.0,0.9794753789901733,s12;s2;s11,0.05803496;0.05228221;0.05221893,bypass and flow path;thermal core;bypass and flow path,inspect bypass flow and related instrumentation;inspect temperature instrumentation and hot-section condition;inspect bypass duct pressure behavior
fault,2969,31,9.0,11.757065773010254,1.0,0.9791881442070007,s12;s2;s11,0.05212087;0.04894188;0.03956167,bypass and flow path;thermal core;bypass and flow path,inspect bypass flow and related instrumentation;inspect temperature instrumentation and hot-section condition;inspect bypass duct pressure behavior
fault,3279,34,9.0,8.207914352416992,1.0,0.9788458347320557,s12;s11;s2,0.02878794;0.02628664;0.02331155,bypass and flow path;bypass and flow path;thermal core,inspect bypass flow and related instrumentation;inspect bypass duct pressure behavior;inspect temperature instrumentation and hot-section condition
fault,2970,31,8.0,11.822098731994629,1.0,0.9784648418426514,s12;s2;s11,0.05913214;0.05307462;0.03745097,bypass and flow path;thermal core;bypass and flow path,inspect bypass flow and related instrumentation;inspect temperature instrumentation and hot-section condition;inspect bypass duct pressure behavior
fault,3450,35,11.0,12.217622756958008,1.0,0.97662353515625,s12;s2;s11,0.06539235;0.06447809;0.05618127,bypass and flow path;thermal core;bypass and flow path,inspect bypass flow and related instrumentation;inspect temperature instrumentation and hot-section condition;inspect bypass duct pressure behavior
fault,2967,31,11.0,12.737658500671387,1.0,0.9762412905693054,s12;s2;s11,0.05488050;0.05213813;0.04606284,bypass and flow path;thermal core;bypass and flow path,inspect bypass flow and related instrumentation;inspect temperature instrumentation and hot-section condition;inspect bypass duct pressure behavior
fault,3278,34,10.0,9.886460304260254,1.0,0.9752442240715027,s12;s11;s2,0.03069708;0.02875210;0.02410286,bypass and flow path;bypass and flow path;thermal core,inspect bypass flow and related instrumentation;inspect bypass duct pressure behavior;inspect temperature instrumentation and hot-section condition
fault,7711,76,14.0,15.42790699005127,1.0,0.9733006954193115,s9;s12;s11,0.04353527;0.03984505;0.03596687,high-pressure spool;bypass and flow path;bypass and flow path,inspect high-pressure spool dynamics;inspect bypass flow and related instrumentation;inspect bypass duct pressure behavior
fault,6997,68,11.0,12.512479782104492,1.0,0.9730139374732971,s12;s11;s2,0.06463070;0.06053151;0.05479131,bypass and flow path;bypass and flow path;thermal core,inspect bypass flow and related instrumentation;inspect bypass duct pressure behavior;inspect temperature instrumentation and hot-section condition
fault,8249,81,10.0,12.758360862731934,1.0,0.9728225469589233,s12;s2;s11,0.06610094;0.06021143;0.05327362,bypass and flow path;thermal core;bypass and flow path,inspect bypass flow and related instrumentation;inspect temperature instrumentation and hot-section condition;inspect bypass duct pressure behavior
fault,3277,34,11.0,11.599331855773926,1.0,0.9703382253646851,s12;s11;s13,0.03679867;0.03586955;0.03032875,bypass and flow path;bypass and flow path;spool speed control,inspect bypass flow and related instrumentation;inspect bypass duct pressure behavior;inspect speed-control response and operating point
fault,3449,35,12.0,13.884373664855957,1.0,0.9686446785926819,s12;s2;s11,0.07698859;0.07296242;0.06293542,bypass and flow path;thermal core;bypass and flow path,inspect bypass flow and related instrumentation;inspect temperature instrumentation and hot-section condition;inspect bypass duct pressure behavior
fault,7710,76,15.0,16.621206283569336,1.0,0.9655570387840271,s9;s12;s11,0.04975961;0.04018988;0.03833528,high-pressure spool;bypass and flow path;bypass and flow path,inspect high-pressure spool dynamics;inspect bypass flow and related instrumentation;inspect bypass duct pressure behavior
fault,6996,68,12.0,13.716076850891113,1.0,0.9649977684020996,s12;s11;s2,0.07156437;0.07130555;0.05750770,bypass and flow path;bypass and flow path;thermal core,inspect bypass flow and related instrumentation;inspect bypass duct pressure behavior;inspect temperature instrumentation and hot-section condition
fault,8384,82,9.0,12.38408374786377,1.0,0.9638579487800598,s11;s12;s13,0.04231885;0.04177697;0.03153605,bypass and flow path;bypass and flow path;spool speed control,inspect bypass duct pressure behavior;inspect bypass flow and related instrumentation;inspect speed-control response and operating point
fault,8248,81,11.0,14.587285041809082,1.0,0.96195387840271,s12;s2;s11,0.08310506;0.07520243;0.06771290,bypass and flow path;thermal core;bypass and flow path,inspect bypass flow and related instrumentation;inspect temperature instrumentation and hot-section condition;inspect bypass duct pressure behavior
fault,6800,66,14.0,18.520143508911133,1.0,0.9614156484603882,s9;s14;s2,0.05830059;0.04343448;0.03524867,high-pressure spool;spool speed control;thermal core,inspect high-pressure spool dynamics;inspect core-speed response and controller behavior;inspect temperature instrumentation and hot-section condition
fault,10195,100,20.0,20.281898498535156,1.0,0.9611672163009644,s9;s14;s2,0.08830191;0.06863626;0.01586428,high-pressure spool;spool speed control;thermal core,inspect high-pressure spool dynamics;inspect core-speed response and controller behavior;inspect temperature instrumentation and hot-section condition
fault,2966,31,12.0,15.30700397491455,1.0,0.9609894752502441,s12;s11;s2,0.06805410;0.06081354;0.05985387,bypass and flow path;bypass and flow path;thermal core,inspect bypass flow and related instrumentation;inspect bypass duct pressure behavior;inspect temperature instrumentation and hot-section condition
fault,5581,56,15.0,12.779342651367188,1.0,0.9603613018989563,s12;s2;s13,0.05352036;0.04003675;0.03989552,bypass and flow path;thermal core;spool speed control,inspect bypass flow and related instrumentation;inspect temperature instrumentation and hot-section condition;inspect speed-control response and operating point
fault,5580,56,16.0,13.07516098022461,1.0,0.9600270390510559,s12;s2;s13,0.05234764;0.04135372;0.04083019,bypass and flow path;thermal core;spool speed control,inspect bypass flow and related instrumentation;inspect temperature instrumentation and hot-section condition;inspect speed-control response and operating point
fault,5579,56,17.0,13.391032218933105,1.0,0.9594386219978333,s12;s2;s13,0.05230653;0.04296529;0.03987350,bypass and flow path;thermal core;spool speed control,inspect bypass flow and related instrumentation;inspect temperature instrumentation and hot-section condition;inspect speed-control response and operating point
fault,3276,34,12.0,13.87397289276123,1.0,0.957876443862915,s11;s12;s13,0.05100118;0.04874055;0.04352471,bypass and flow path;bypass and flow path;spool speed control,inspect bypass duct pressure behavior;inspect bypass flow and related instrumentation;inspect speed-control response and operating point
fault,7709,76,16.0,17.65012550354004,1.0,0.9576016664505005,s9;s12;s14,0.05720220;0.04395943;0.04143038,high-pressure spool;bypass and flow path;spool speed control,inspect high-pressure spool dynamics;inspect bypass flow and related instrumentation;inspect core-speed response and controller behavior
fault,3448,35,13.0,15.643430709838867,1.0,0.9553596377372742,s12;s2;s11,0.09549351;0.08326532;0.06945154,bypass and flow path;thermal core;bypass and flow path,inspect bypass flow and related instrumentation;inspect temperature instrumentation and hot-section condition;inspect bypass duct pressure behavior
fault,6799,66,15.0,19.363712310791016,1.0,0.9549329876899719,s9;s14;s2,0.06659194;0.04818680;0.03660755,high-pressure spool;spool speed control;thermal core,inspect high-pressure spool dynamics;inspect core-speed response and controller behavior;inspect temperature instrumentation and hot-section condition
fault,8383,82,10.0,13.45323657989502,1.0,0.9545179009437561,s12;s11;s13,0.05418226;0.05325611;0.03735787,bypass and flow path;bypass and flow path;spool speed control,inspect bypass flow and related instrumentation;inspect bypass duct pressure behavior;inspect speed-control response and operating point
fault,8247,81,12.0,15.663476943969727,1.0,0.9539735317230225,s12;s2;s11,0.09207959;0.08438006;0.07710645,bypass and flow path;thermal core;bypass and flow path,inspect bypass flow and related instrumentation;inspect temperature instrumentation and hot-section condition;inspect bypass duct pressure behavior
fault,6995,68,13.0,15.299605369567871,1.0,0.9522265195846558,s12;s11;s2,0.07661755;0.07366955;0.05391162,bypass and flow path;bypass and flow path;thermal core,inspect bypass flow and related instrumentation;inspect bypass duct pressure behavior;inspect temperature instrumentation and hot-section condition
fault,5578,56,18.0,14.27608585357666,1.0,0.9513991475105286,s12;s2;s13,0.06056761;0.04621262;0.04038200,bypass and flow path;thermal core;spool speed control,inspect bypass flow and related instrumentation;inspect temperature instrumentation and hot-section condition;inspect speed-control response and operating point
fault,7708,76,17.0,18.26387596130371,1.0,0.9489261507987976,s9;s12;s14,0.06204788;0.04488104;0.04460890,high-pressure spool;bypass and flow path;spool speed control,inspect high-pressure spool dynamics;inspect bypass flow and related instrumentation;inspect core-speed response and controller behavior
fault,1854,20,16.0,15.58150577545166,1.0,0.9486846327781677,s11;s12;s2,0.08141892;0.07784905;0.06923819,bypass and flow path;bypass and flow path;thermal core,inspect bypass duct pressure behavior;inspect bypass flow and related instrumentation;inspect temperature instrumentation and hot-section condition
fault,8382,82,11.0,14.251847267150879,1.0,0.9486095309257507,s12;s11;s13,0.05804603;0.05596516;0.04251045,bypass and flow path;bypass and flow path;spool speed control,inspect bypass flow and related instrumentation;inspect bypass duct pressure behavior;inspect speed-control response and operating point
fault,4068,42,10.0,14.715700149536133,1.0,0.9468083381652832,s13;s12;s14,0.02946196;0.02853684;0.02422209,spool speed control;bypass and flow path;spool speed control,inspect speed-control response and operating point;inspect bypass flow and related instrumentation;inspect core-speed response and controller behavior
fault,6798,66,16.0,20.02492332458496,1.0,0.9454556107521057,s9;s14;s2,0.07096790;0.05427398;0.03837420,high-pressure spool;spool speed control;thermal core,inspect high-pressure spool dynamics;inspect core-speed response and controller behavior;inspect temperature instrumentation and hot-section condition
fault,2241,24,20.0,22.061368942260742,1.0,0.9435220956802368,s9;s14;s2,0.09296130;0.07529391;0.01534577,high-pressure spool;spool speed control;thermal core,inspect high-pressure spool dynamics;inspect core-speed response and controller behavior;inspect temperature instrumentation and hot-section condition
fault,6994,68,14.0,16.53083610534668,1.0,0.9430528879165649,s12;s11;s2,0.08578453;0.08208515;0.05292714,bypass and flow path;bypass and flow path;thermal core,inspect bypass flow and related instrumentation;inspect bypass duct pressure behavior;inspect temperature instrumentation and hot-section condition
fault,2965,31,13.0,17.238447189331055,1.0,0.9430160522460938,s12;s11;s2,0.08091650;0.06838571;0.06521039,bypass and flow path;bypass and flow path;thermal core,inspect bypass flow and related instrumentation;inspect bypass duct pressure behavior;inspect temperature instrumentation and hot-section condition
fault,4067,42,11.0,14.971026420593262,1.0,0.9418013691902161,s13;s12;s14,0.03038280;0.02972517;0.02513983,spool speed control;bypass and flow path;spool speed control,inspect speed-control response and operating point;inspect bypass flow and related instrumentation;inspect core-speed response and controller behavior
fault,3447,35,14.0,17.12021827697754,1.0,0.940680742263794,s12;s2;s11,0.10501140;0.09261335;0.08320811,bypass and flow path;thermal core;bypass and flow path,inspect bypass flow and related instrumentation;inspect temperature instrumentation and hot-section condition;inspect bypass duct pressure behavior
fault,10194,100,21.0,22.586002349853516,1.0,0.9383085370063782,s9;s14;s2,0.09298871;0.07075918;0.01750260,high-pressure spool;spool speed control;thermal core,inspect high-pressure spool dynamics;inspect core-speed response and controller behavior;inspect temperature instrumentation and hot-section condition
fault,4066,42,12.0,14.784958839416504,1.0,0.9359233379364014,s13;s12;s14,0.03182659;0.02826875;0.02593384,spool speed control;bypass and flow path;spool speed control,inspect speed-control response and operating point;inspect bypass flow and related instrumentation;inspect core-speed response and controller behavior
fault,6993,68,15.0,17.107633590698242,1.0,0.935745894908905,s12;s11;s2,0.09128535;0.08797264;0.05248804,bypass and flow path;bypass and flow path;thermal core,inspect bypass flow and related instrumentation;inspect bypass duct pressure behavior;inspect temperature instrumentation and hot-section condition
fault,8246,81,13.0,17.293508529663086,1.0,0.9349661469459534,s12;s2;s11,0.10333288;0.09588851;0.08939086,bypass and flow path;thermal core;bypass and flow path,inspect bypass flow and related instrumentation;inspect temperature instrumentation and hot-section condition;inspect bypass duct pressure behavior
fault,2240,24,21.0,22.813493728637695,1.0,0.9330859780311584,s9;s14;s2,0.09616110;0.07751262;0.01495789,high-pressure spool;spool speed control;thermal core,inspect high-pressure spool dynamics;inspect core-speed response and controller behavior;inspect temperature instrumentation and hot-section condition
fault,2964,31,14.0,18.174142837524414,1.0,0.9322742223739624,s12;s11;s2,0.08954308;0.07096035;0.06825922,bypass and flow path;bypass and flow path;thermal core,inspect bypass flow and related instrumentation;inspect bypass duct pressure behavior;inspect temperature instrumentation and hot-section condition
fault,5577,56,19.0,16.11309242248535,1.0,0.9317846894264221,s12;s13;s2,0.06863292;0.04972659;0.04963379,bypass and flow path;spool speed control;thermal core,inspect bypass flow and related instrumentation;inspect speed-control response and operating point;inspect temperature instrumentation and hot-section condition
fault,7705,76,20.0,20.349811553955078,1.0,0.9292899966239929,s9;s12;s11,0.06492611;0.05694814;0.05202453,high-pressure spool;bypass and flow path;bypass and flow path,inspect high-pressure spool dynamics;inspect bypass flow and related instrumentation;inspect bypass duct pressure behavior
fault,8381,82,12.0,15.937644004821777,1.0,0.9292594194412231,s11;s12;s13,0.06886487;0.06741054;0.05238838,bypass and flow path;bypass and flow path;spool speed control,inspect bypass duct pressure behavior;inspect bypass flow and related instrumentation;inspect speed-control response and operating point
fault,4064,42,14.0,15.401606559753418,1.0,0.9284302592277527,s13;s14;s12,0.03152969;0.02643405;0.02479624,spool speed control;spool speed control;bypass and flow path,inspect speed-control response and operating point;inspect core-speed response and controller behavior;inspect bypass flow and related instrumentation
fault,7707,76,18.0,19.996673583984375,1.0,0.9277083277702332,s9;s12;s14,0.06634767;0.04824900;0.04726601,high-pressure spool;bypass and flow path;spool speed control,inspect high-pressure spool dynamics;inspect bypass flow and related instrumentation;inspect core-speed response and controller behavior
fault,3275,34,13.0,17.04023551940918,1.0,0.9265080690383911,s12;s11;s13,0.07298235;0.06604493;0.06209254,bypass and flow path;bypass and flow path;spool speed control,inspect bypass flow and related instrumentation;inspect bypass duct pressure behavior;inspect speed-control response and operating point
fault,10193,100,22.0,23.38396644592285,1.0,0.926328718662262,s9;s14;s2,0.09245977;0.06687652;0.01788551,high-pressure spool;spool speed control;thermal core,inspect high-pressure spool dynamics;inspect core-speed response and controller behavior;inspect temperature instrumentation and hot-section condition
fault,7706,76,19.0,20.439912796020508,1.0,0.9251697063446045,s9;s12;s11,0.06406531;0.05168056;0.04849212,high-pressure spool;bypass and flow path;bypass and flow path,inspect high-pressure spool dynamics;inspect bypass flow and related instrumentation;inspect bypass duct pressure behavior
fault,4065,42,13.0,15.59609317779541,1.0,0.9246279001235962,s13;s12;s14,0.03239881;0.02800431;0.02449527,spool speed control;bypass and flow path;spool speed control,inspect speed-control response and operating point;inspect bypass flow and related instrumentation;inspect core-speed response and controller behavior
fault,1853,20,17.0,17.545297622680664,1.0,0.9233221411705017,s11;s12;s2,0.09773914;0.09655954;0.08070946,bypass and flow path;bypass and flow path;thermal core,inspect bypass duct pressure behavior;inspect bypass flow and related instrumentation;inspect temperature instrumentation and hot-section condition
fault,6797,66,17.0,21.57283592224121,1.0,0.9222198128700256,s9;s14;s2,0.08104782;0.06374967;0.04188932,high-pressure spool;spool speed control;thermal core,inspect high-pressure spool dynamics;inspect core-speed response and controller behavior;inspect temperature instrumentation and hot-section condition
fault,3446,35,15.0,18.320457458496094,1.0,0.920543909072876,s12;s2;s11,0.11389691;0.10144650;0.09196016,bypass and flow path;thermal core;bypass and flow path,inspect bypass flow and related instrumentation;inspect temperature instrumentation and hot-section condition;inspect bypass duct pressure behavior
fault,8245,81,14.0,18.293350219726562,1.0,0.9190183877944946,s12;s2;s11,0.11189027;0.10706202;0.09037975,bypass and flow path;thermal core;bypass and flow path,inspect bypass flow and related instrumentation;inspect temperature instrumentation and hot-section condition;inspect bypass duct pressure behavior
fault,8244,81,15.0,18.234769821166992,1.0,0.9178625345230103,s12;s2;s11,0.10814983;0.10481841;0.09185794,bypass and flow path;thermal core;bypass and flow path,inspect bypass flow and related instrumentation;inspect temperature instrumentation and hot-section condition;inspect bypass duct pressure behavior
fault,7704,76,21.0,21.130605697631836,1.0,0.9173076748847961,s9;s12;s11,0.06700962;0.05948254;0.05245985,high-pressure spool;bypass and flow path;bypass and flow path,inspect high-pressure spool dynamics;inspect bypass flow and related instrumentation;inspect bypass duct pressure behavior
fault,10192,100,23.0,24.047304153442383,1.0,0.9160212874412537,s9;s14;s2,0.09354014;0.07165202;0.01603317,high-pressure spool;spool speed control;thermal core,inspect high-pressure spool dynamics;inspect core-speed response and controller behavior;inspect temperature instrumentation and hot-section condition
fault,5576,56,20.0,17.499868392944336,1.0,0.9156878590583801,s12;s13;s11,0.07729878;0.05704268;0.05182594,bypass and flow path;spool speed control;bypass and flow path,inspect bypass flow and related instrumentation;inspect speed-control response and operating point;inspect bypass duct pressure behavior
fault,2963,31,15.0,19.918968200683594,1.0,0.9109408855438232,s12;s11;s2,0.09443645;0.08358255;0.07645190,bypass and flow path;bypass and flow path;thermal core,inspect bypass flow and related instrumentation;inspect bypass duct pressure behavior;inspect temperature instrumentation and hot-section condition
fault,2239,24,22.0,24.33854103088379,1.0,0.9105482697486877,s9;s14;s2,0.09929712;0.07644836;0.01652272,high-pressure spool;spool speed control;thermal core,inspect high-pressure spool dynamics;inspect core-speed response and controller behavior;inspect temperature instrumentation and hot-section condition
fault,2962,31,16.0,20.10130500793457,1.0,0.9092984199523926,s12;s11;s2,0.09407340;0.09211650;0.08004753,bypass and flow path;bypass and flow path;thermal core,inspect bypass flow and related instrumentation;inspect bypass duct pressure behavior;inspect temperature instrumentation and hot-section condition
fault,4063,42,15.0,16.897153854370117,1.0,0.9081571102142334,s13;s14;s12,0.03950207;0.03363186;0.02841564,spool speed control;spool speed control;bypass and flow path,inspect speed-control response and operating point;inspect core-speed response and controller behavior;inspect bypass flow and related instrumentation
fault,5575,56,21.0,18.042726516723633,1.0,0.9076610803604126,s12;s13;s2,0.08602829;0.05822937;0.05360598,bypass and flow path;spool speed control;thermal core,inspect bypass flow and related instrumentation;inspect speed-control response and operating point;inspect temperature instrumentation and hot-section condition
fault,8242,81,17.0,19.155649185180664,1.0,0.9055777192115784,s12;s2;s11,0.11754199;0.11242064;0.10295932,bypass and flow path;thermal core;bypass and flow path,inspect bypass flow and related instrumentation;inspect temperature instrumentation and hot-section condition;inspect bypass duct pressure behavior
fault,2961,31,17.0,20.22287368774414,1.0,0.9051230549812317,s11;s12;s2,0.09691547;0.08934556;0.08516728,bypass and flow path;bypass and flow path;thermal core,inspect bypass duct pressure behavior;inspect bypass flow and related instrumentation;inspect temperature instrumentation and hot-section condition
fault,6991,68,17.0,19.418642044067383,1.0,0.9035786390304565,s12;s11;s2,0.10456983;0.09394296;0.06765059,bypass and flow path;bypass and flow path;thermal core,inspect bypass flow and related instrumentation;inspect bypass duct pressure behavior;inspect temperature instrumentation and hot-section condition
fault,3445,35,16.0,19.076066970825195,1.0,0.9023459553718567,s12;s2;s11,0.11441799;0.10379669;0.09747984,bypass and flow path;thermal core;bypass and flow path,inspect bypass flow and related instrumentation;inspect temperature instrumentation and hot-section condition;inspect bypass duct pressure behavior
fault,8241,81,18.0,19.347646713256836,1.0,0.9020925164222717,s12;s2;s11,0.12269951;0.10969619;0.10379248,bypass and flow path;thermal core;bypass and flow path,inspect bypass flow and related instrumentation;inspect temperature instrumentation and hot-section condition;inspect bypass duct pressure behavior
fault,2238,24,23.0,24.940595626831055,1.0,0.901604175567627,s9;s14;s2,0.09890261;0.07772159;0.01659737,high-pressure spool;spool speed control;thermal core,inspect high-pressure spool dynamics;inspect core-speed response and controller behavior;inspect temperature instrumentation and hot-section condition
fault,6992,68,16.0,19.38641929626465,1.0,0.9016017317771912,s12;s11;s2,0.10865207;0.09718253;0.06383815,bypass and flow path;bypass and flow path;thermal core,inspect bypass flow and related instrumentation;inspect bypass duct pressure behavior;inspect temperature instrumentation and hot-section condition
fault,3270,34,18.0,17.6790714263916,1.0,0.8985061645507812,s11;s12;s13,0.07067933;0.06273619;0.05971527,bypass and flow path;bypass and flow path;spool speed control,inspect bypass duct pressure behavior;inspect bypass flow and related instrumentation;inspect speed-control response and operating point
fault,5574,56,22.0,18.673845291137695,1.0,0.8965793251991272,s12;s13;s2,0.09072994;0.06455150;0.05632751,bypass and flow path;spool speed control;thermal core,inspect bypass flow and related instrumentation;inspect speed-control response and operating point;inspect temperature instrumentation and hot-section condition
fault,8380,82,13.0,18.29386329650879,1.0,0.8961510062217712,s11;s12;s2,0.08249215;0.07810546;0.06286393,bypass and flow path;bypass and flow path;thermal core,inspect bypass duct pressure behavior;inspect bypass flow and related instrumentation;inspect temperature instrumentation and hot-section condition
fault,8243,81,16.0,19.56333351135254,1.0,0.8954169750213623,s2;s12;s11,0.11348329;0.11294734;0.10531135,thermal core;bypass and flow path;bypass and flow path,inspect temperature instrumentation and hot-section condition;inspect bypass flow and related instrumentation;inspect bypass duct pressure behavior
fault,9192,91,39.0,18.5765438079834,0.0,0.8953427076339722,s12;s2;s13,0.10860465;0.07401808;0.07096031,bypass and flow path;thermal core;spool speed control,inspect bypass flow and related instrumentation;inspect temperature instrumentation and hot-section condition;inspect speed-control response and operating point
fault,10191,100,24.0,25.36007308959961,1.0,0.8925230503082275,s9;s14;s8,0.09654537;0.07246590;0.01733910,high-pressure spool;spool speed control;fan and low-pressure compressor,inspect high-pressure spool dynamics;inspect core-speed response and controller behavior;inspect fan/LPC operating margins
fault,3269,34,19.0,17.511327743530273,1.0,0.8910419344902039,s11;s12;s13,0.07082132;0.06735004;0.06157708,bypass and flow path;bypass and flow path;spool speed control,inspect bypass duct pressure behavior;inspect bypass flow and related instrumentation;inspect speed-control response and operating point
fault,6796,66,18.0,23.18488883972168,1.0,0.8875260949134827,s9;s14;s2,0.08579488;0.06639547;0.04493746,high-pressure spool;spool speed control;thermal core,inspect high-pressure spool dynamics;inspect core-speed response and controller behavior;inspect temperature instrumentation and hot-section condition
fault,9193,91,38.0,19.036029815673828,0.0,0.8850482702255249,s12;s2;s11,0.10300108;0.07359936;0.07167642,bypass and flow path;thermal core;bypass and flow path,inspect bypass flow and related instrumentation;inspect temperature instrumentation and hot-section condition;inspect bypass duct pressure behavior
fault,2237,24,24.0,25.66340446472168,1.0,0.884899914264679,s9;s14;s2,0.10174957;0.08095448;0.01445120,high-pressure spool;spool speed control;thermal core,inspect high-pressure spool dynamics;inspect core-speed response and controller behavior;inspect temperature instrumentation and hot-section condition
fault,3274,34,14.0,19.211271286010742,1.0,0.8828174471855164,s12;s13;s11,0.08289816;0.08197122;0.08011758,bypass and flow path;spool speed control;bypass and flow path,inspect bypass flow and related instrumentation;inspect speed-control response and operating point;inspect bypass duct pressure behavior
fault,9191,91,40.0,19.35456657409668,0.0,0.881503164768219,s12;s2;s13,0.11078169;0.08117635;0.07428675,bypass and flow path;thermal core;spool speed control,inspect bypass flow and related instrumentation;inspect temperature instrumentation and hot-section condition;inspect speed-control response and operating point
fault,4061,42,17.0,18.013399124145508,1.0,0.8804788589477539,s13;s14;s12,0.03733524;0.03621181;0.03502737,spool speed control;spool speed control;bypass and flow path,inspect speed-control response and operating point;inspect core-speed response and controller behavior;inspect bypass flow and related instrumentation
fault,3271,34,17.0,19.156965255737305,1.0,0.8789794445037842,s11;s13;s12,0.07986203;0.07226960;0.06960522,bypass and flow path;spool speed control;bypass and flow path,inspect bypass duct pressure behavior;inspect speed-control response and operating point;inspect bypass flow and related instrumentation
fault,5573,56,23.0,19.700834274291992,1.0,0.8774242997169495,s12;s13;s11,0.09496109;0.07181716;0.06142794,bypass and flow path;spool speed control;bypass and flow path,inspect bypass flow and related instrumentation;inspect speed-control response and operating point;inspect bypass duct pressure behavior
fault,3267,34,21.0,18.192461013793945,1.0,0.8755582571029663,s12;s11;s2,0.06761929;0.06670115;0.05860322,bypass and flow path;bypass and flow path;thermal core,inspect bypass flow and related instrumentation;inspect bypass duct pressure behavior;inspect temperature instrumentation and hot-section condition
fault,3268,34,20.0,18.20045280456543,1.0,0.8735969066619873,s11;s12;s13,0.07098238;0.06946242;0.06401490,bypass and flow path;bypass and flow path;spool speed control,inspect bypass duct pressure behavior;inspect bypass flow and related instrumentation;inspect speed-control response and operating point
fault,3444,35,17.0,20.407732009887695,1.0,0.873322069644928,s12;s2;s11,0.11933896;0.10728344;0.10585661,bypass and flow path;thermal core;bypass and flow path,inspect bypass flow and related instrumentation;inspect temperature instrumentation and hot-section condition;inspect bypass duct pressure behavior
fault,8240,81,19.0,20.526063919067383,1.0,0.8726794123649597,s12;s2;s11,0.12964128;0.11389139;0.10556711,bypass and flow path;thermal core;bypass and flow path,inspect bypass flow and related instrumentation;inspect temperature instrumentation and hot-section condition;inspect bypass duct pressure behavior
fault,6989,68,19.0,21.716644287109375,1.0,0.8725688457489014,s12;s11;s2,0.10425762;0.10167178;0.07515612,bypass and flow path;bypass and flow path;thermal core,inspect bypass flow and related instrumentation;inspect bypass duct pressure behavior;inspect temperature instrumentation and hot-section condition
fault,4062,42,16.0,19.028717041015625,1.0,0.8689743280410767,s13;s14;s12,0.04383706;0.03910349;0.03680759,spool speed control;spool speed control;bypass and flow path,inspect speed-control response and operating point;inspect core-speed response and controller behavior;inspect bypass flow and related instrumentation
fault,6795,66,19.0,24.132051467895508,1.0,0.8670642971992493,s9;s14;s2,0.08600921;0.06855165;0.04577130,high-pressure spool;spool speed control;thermal core,inspect high-pressure spool dynamics;inspect core-speed response and controller behavior;inspect temperature instrumentation and hot-section condition
fault,10190,100,25.0,26.503862380981445,1.0,0.8665816187858582,s9;s14;s8,0.09615396;0.07379446;0.01584582,high-pressure spool;spool speed control;fan and low-pressure compressor,inspect high-pressure spool dynamics;inspect core-speed response and controller behavior;inspect fan/LPC operating margins
fault,6988,68,20.0,22.473928451538086,1.0,0.8650479912757874,s12;s11;s2,0.11337059;0.10564417;0.07945342,bypass and flow path;bypass and flow path;thermal core,inspect bypass flow and related instrumentation;inspect bypass duct pressure behavior;inspect temperature instrumentation and hot-section condition
fault,6990,68,18.0,21.04923439025879,1.0,0.8648427724838257,s12;s11;s2,0.10633262;0.10377407;0.07260936,bypass and flow path;bypass and flow path;thermal core,inspect bypass flow and related instrumentation;inspect bypass duct pressure behavior;inspect temperature instrumentation and hot-section condition
fault,9314,92,20.0,20.543188095092773,1.0,0.862614095211029,s12;s13;s11,0.09729661;0.07316223;0.07024078,bypass and flow path;spool speed control;bypass and flow path,inspect bypass flow and related instrumentation;inspect speed-control response and operating point;inspect bypass duct pressure behavior
fault,5572,56,24.0,20.502662658691406,1.0,0.8599295616149902,s12;s13;s11,0.09559382;0.07030197;0.05932194,bypass and flow path;spool speed control;bypass and flow path,inspect bypass flow and related instrumentation;inspect speed-control response and operating point;inspect bypass duct pressure behavior
fault,3443,35,18.0,20.773208618164062,1.0,0.8598520159721375,s12;s2;s11,0.11946319;0.10865238;0.10728923,bypass and flow path;thermal core;bypass and flow path,inspect bypass flow and related instrumentation;inspect temperature instrumentation and hot-section condition;inspect bypass duct pressure behavior
fault,6793,66,21.0,24.409353256225586,1.0,0.8597975373268127,s9;s14;s2,0.09101498;0.07072312;0.04664332,high-pressure spool;spool speed control;thermal core,inspect high-pressure spool dynamics;inspect core-speed response and controller behavior;inspect temperature instrumentation and hot-section condition
fault,9190,91,41.0,20.30897331237793,0.0,0.859416127204895,s12;s2;s13,0.11295484;0.08079382;0.07546771,bypass and flow path;thermal core;spool speed control,inspect bypass flow and related instrumentation;inspect temperature instrumentation and hot-section condition;inspect speed-control response and operating point
fault,8379,82,14.0,20.284936904907227,1.0,0.8593640923500061,s11;s12;s2,0.09483425;0.07961762;0.07476317,bypass and flow path;bypass and flow path;thermal core,inspect bypass duct pressure behavior;inspect bypass flow and related instrumentation;inspect temperature instrumentation and hot-section condition
fault,2960,31,18.0,22.300039291381836,1.0,0.8585142493247986,s11;s2;s12,0.10522281;0.09787209;0.09333431,bypass and flow path;thermal core;bypass and flow path,inspect bypass duct pressure behavior;inspect temperature instrumentation and hot-section condition;inspect bypass flow and related instrumentation
fault,3442,35,19.0,21.127456665039062,1.0,0.8560968637466431,s12;s11;s2,0.12121951;0.11212742;0.10827019,bypass and flow path;bypass and flow path;thermal core,inspect bypass flow and related instrumentation;inspect bypass duct pressure behavior;inspect temperature instrumentation and hot-section condition
fault,7703,76,22.0,23.71955680847168,1.0,0.8558780550956726,s9;s11;s12,0.07964886;0.05788113;0.05775243,high-pressure spool;bypass and flow path;bypass and flow path,inspect high-pressure spool dynamics;inspect bypass duct pressure behavior;inspect bypass flow and related instrumentation
fault,3441,35,20.0,21.449169158935547,1.0,0.8548936247825623,s12;s11;s2,0.12414901;0.11863076;0.10585761,bypass and flow path;bypass and flow path;thermal core,inspect bypass flow and related instrumentation;inspect bypass duct pressure behavior;inspect temperature instrumentation and hot-section condition
fault,3273,34,15.0,20.301036834716797,1.0,0.8528668284416199,s11;s13;s12,0.08932880;0.08533838;0.07840562,bypass and flow path;spool speed control;bypass and flow path,inspect bypass duct pressure behavior;inspect speed-control response and operating point;inspect bypass flow and related instrumentation
fault,4060,42,18.0,18.817115783691406,1.0,0.8521252274513245,s13;s14;s12,0.04105990;0.03789911;0.03261979,spool speed control;spool speed control;bypass and flow path,inspect speed-control response and operating point;inspect core-speed response and controller behavior;inspect bypass flow and related instrumentation
fault,1852,20,18.0,21.655630111694336,1.0,0.8491454720497131,s12;s11;s2,0.12723932;0.12291835;0.10353720,bypass and flow path;bypass and flow path;thermal core,inspect bypass flow and related instrumentation;inspect bypass duct pressure behavior;inspect temperature instrumentation and hot-section condition
fault,6794,66,20.0,24.87638282775879,1.0,0.8477066159248352,s9;s14;s2,0.08984457;0.06994813;0.04914580,high-pressure spool;spool speed control;thermal core,inspect high-pressure spool dynamics;inspect core-speed response and controller behavior;inspect temperature instrumentation and hot-section condition
fault,3272,34,16.0,20.697614669799805,1.0,0.8473373055458069,s11;s13;s12,0.08788713;0.08080516;0.07422199,bypass and flow path;spool speed control;bypass and flow path,inspect bypass duct pressure behavior;inspect speed-control response and operating point;inspect bypass flow and related instrumentation
fault,3440,35,21.0,21.836488723754883,1.0,0.8450560569763184,s12;s11;s2,0.12452897;0.11902358;0.10720913,bypass and flow path;bypass and flow path;thermal core,inspect bypass flow and related instrumentation;inspect bypass duct pressure behavior;inspect temperature instrumentation and hot-section condition
fault,3266,34,22.0,19.49736976623535,1.0,0.8426265120506287,s11;s12;s2,0.07078238;0.06879415;0.06617966,bypass and flow path;bypass and flow path;thermal core,inspect bypass duct pressure behavior;inspect bypass flow and related instrumentation;inspect temperature instrumentation and hot-section condition
